{
  "mix": {
    "1": [
      [
        10,
        0.509986,
        15.1087245820401,
        12.344314286470116
      ],
      [
        20,
        0.493368,
        13.999655188913085,
        11.634909325667309
      ],
      [
        30,
        0.484993,
        13.517164596611341,
        11.186665567602338
      ],
      [
        40,
        0.480664,
        13.224480429414697,
        10.82924105077212
      ],
      [
        50,
        0.477416,
        12.994101162436266,
        10.616329875293474
      ],
      [
        60,
        0.475885,
        12.905069610123586,
        10.576410956517213
      ],
      [
        70,
        0.475131,
        12.822544293558892,
        10.37039218414668
      ],
      [
        80,
        0.47456,
        12.721783404400622,
        10.198889589766269
      ],
      [
        90,
        0.475735,
        12.69984667069849,
        10.226786871964432
      ],
      [
        100,
        0.476731,
        12.623831794185891,
        10.197135626264886
      ]
    ],
    "2": [
      [
        10,
        0.511094,
        15.131576115160183,
        12.1857412562147
      ],
      [
        20,
        0.493266,
        14.101081961079565,
        11.448053940030366
      ],
      [
        30,
        0.484149,
        13.633913288794819,
        11.096186764740246
      ],
      [
        40,
        0.479589,
        13.348574149562321,
        10.743227857592574
      ],
      [
        50,
        0.477298,
        13.0962367417368,
        10.60422812895132
      ],
      [
        60,
        0.475114,
        12.96688600139606,
        10.561854910644108
      ],
      [
        70,
        0.475398,
        12.894201290936325,
        10.36522739533151
      ],
      [
        80,
        0.474637,
        12.776485875928234,
        10.284145896735753
      ],
      [
        90,
        0.475292,
        12.728752866002557,
        10.273644537931014
      ],
      [
        100,
        0.475553,
        12.737878750575938,
        10.240366524086397
      ]
    ],
    "3": [
      [
        10,
        0.509033,
        14.649852392756213,
        11.717562743646393
      ],
      [
        20,
        0.491825,
        13.76106405195544,
        11.071485625858902
      ],
      [
        30,
        0.483746,
        13.365755634785959,
        10.885269636732486
      ],
      [
        40,
        0.481283,
        13.200827762311174,
        10.822379306114648
      ],
      [
        50,
        0.478005,
        13.011614764386048,
        10.702547624017178
      ],
      [
        60,
        0.475737,
        13.003564756168872,
        10.628763105607463
      ],
      [
        70,
        0.476134,
        12.862963504632607,
        10.600896058683206
      ],
      [
        80,
        0.475623,
        12.811190133078941,
        10.528629993865636
      ],
      [
        90,
        0.474621,
        12.736423651937468,
        10.456801199187016
      ],
      [
        100,
        0.474648,
        12.813270572778034,
        10.430246067261095
      ]
    ]
  }
}