{
  "means": {
    "mix": [
      [
        10,
        0.5152216666666667,
        21.409111305690434,
        13.267603123515869
      ],
      [
        20,
        0.49608766666666665,
        20.53294259614338,
        13.227913950436943
      ],
      [
        30,
        0.48774366666666663,
        20.26117850532093,
        13.12634012418225
      ],
      [
        40,
        0.4833,
        20.005261074757957,
        13.03569892275224
      ],
      [
        50,
        0.4806076666666667,
        19.845911426368005,
        13.06053029808267
      ],
      [
        60,
        0.4787573333333333,
        19.774543453344606,
        13.039059914180095
      ],
      [
        70,
        0.47737566666666664,
        19.703211359018194,
        12.95491925547949
      ],
      [
        80,
        0.47619733333333336,
        19.628186609043947,
        12.909482620259695
      ],
      [
        90,
        0.47534000000000004,
        19.580486258124264,
        12.951467291299423
      ],
      [
        100,
        0.47472699999999995,
        19.527624087409993,
        12.958549687749873
      ]
    ],
    "diff": []
  },
  "std": {
    "mix": {
      "1": {
        "abx_across": 0.5640595804084485,
        "abx_within": 0.11652298642610903
      },
      "2": {
        "abx_across": 0.5573034219563028,
        "abx_within": 0.12028479907167605
      },
      "3": {
        "abx_across": 0.5318333766340314,
        "abx_within": 0.14998120801271186
      },
      "total": {
        "abx_across": 0.5543943233631462,
        "abx_within": 0.13082976992030537
      }
    },
    "diff": {}
  },
  "conf_interval": {
    "mix": {
      "10": {
        "val_loss": [
          0.5143859299017828,
          0.5160574034315506
        ],
        "abx_across": [
          21.165149469100573,
          21.653073142280295
        ],
        "abx_within": [
          12.995232707806792,
          13.539973539224945
        ]
      },
      "20": {
        "val_loss": [
          0.4956105815094758,
          0.4965647518238575
        ],
        "abx_across": [
          20.38649389626807,
          20.679391296018686
        ],
        "abx_within": [
          13.188681071070082,
          13.267146829803803
        ]
      },
      "30": {
        "val_loss": [
          0.4876486836908327,
          0.48783864964250057
        ],
        "abx_across": [
          20.159143719401175,
          20.363213291240687
        ],
        "abx_within": [
          13.06766095387808,
          13.185019294486418
        ]
      },
      "40": {
        "val_loss": [
          0.4827584383954025,
          0.4838415616045975
        ],
        "abx_across": [
          19.898498096697377,
          20.112024052818537
        ],
        "abx_within": [
          12.805957684173718,
          13.265440161330764
        ]
      },
      "50": {
        "val_loss": [
          0.48017101642589405,
          0.4810443169074394
        ],
        "abx_across": [
          19.734406466389785,
          19.957416386346225
        ],
        "abx_within": [
          12.856816579453291,
          13.264244016712048
        ]
      },
      "60": {
        "val_loss": [
          0.47855518466021796,
          0.47895948200644867
        ],
        "abx_across": [
          19.62646753804171,
          19.922619368647503
        ],
        "abx_within": [
          12.982897904525808,
          13.095221923834382
        ]
      },
      "70": {
        "val_loss": [
          0.4770131734438735,
          0.4777381598894598
        ],
        "abx_across": [
          19.530928410798218,
          19.87549430723817
        ],
        "abx_within": [
          12.902862823729391,
          13.00697568722959
        ]
      },
      "80": {
        "val_loss": [
          0.47593620892191724,
          0.4764584577447495
        ],
        "abx_across": [
          19.518827051145912,
          19.737546166941982
        ],
        "abx_within": [
          12.786350532941237,
          13.032614707578153
        ]
      },
      "90": {
        "val_loss": [
          0.47491799273996516,
          0.4757620072600349
        ],
        "abx_across": [
          19.484150608155886,
          19.67682190809264
        ],
        "abx_within": [
          12.939255172451828,
          12.963679410147018
        ]
      },
      "100": {
        "val_loss": [
          0.4740873916280381,
          0.4753666083719618
        ],
        "abx_across": [
          19.35766982830879,
          19.697578346511197
        ],
        "abx_within": [
          12.898741428401172,
          13.018357947098574
        ]
      }
    },
    "diff": {}
  },
  "correlation": {
    "mix": {
      "abx_across": {
        "pearson": [
          0.9977676927902832,
          1.0835028404895603e-10
        ],
        "spearman": [
          0.9999999999999999,
          6.646897422032013e-64
        ],
        "pearson_t": 42.25955867777128,
        "spearman_t": 0.9999999999999999
      },
      "abx_within": {
        "pearson": [
          0.9199547849555978,
          0.00016292240797248335
        ],
        "spearman": [
          0.8787878787878788,
          0.0008138621117322101
        ],
        "pearson_t": 6.6374045346095425,
        "spearman_t": 0.8787878787878788
      }
    },
    "diff": {}
  },
  "correlation_series": {
    "mix": {
      "1": {
        "abx_across": {
          "pearson": [
            0.9970584141210385,
            3.264151749953343e-10
          ],
          "spearman": [
            0.9999999999999999,
            6.646897422032013e-64
          ]
        },
        "abx_within": {
          "pearson": [
            0.9318747042062963,
            8.674768747275441e-05
          ],
          "spearman": [
            0.7212121212121211,
            0.018573155089460208
          ]
        }
      },
      "2": {
        "abx_across": {
          "pearson": [
            0.9976265178036354,
            1.384472979634716e-10
          ],
          "spearman": [
            0.9999999999999999,
            6.646897422032013e-64
          ]
        },
        "abx_within": {
          "pearson": [
            0.5238528289025559,
            0.12014460416402903
          ],
          "spearman": [
            0.7939393939393938,
            0.0060999233136969115
          ]
        }
      },
      "3": {
        "abx_across": {
          "pearson": [
            0.9952642678734406,
            2.1880456819068973e-09
          ],
          "spearman": [
            0.9999999999999999,
            6.646897422032013e-64
          ]
        },
        "abx_within": {
          "pearson": [
            0.971814774064544,
            2.6686950406566443e-06
          ],
          "spearman": [
            0.8666666666666665,
            0.0011735381801554687
          ]
        }
      },
      "conf_interval": {
        "abx_across": {
          "pearson": [
            0.9943842120409601,
            0.9989152544911162
          ],
          "spearman": [
            NaN,
            NaN
          ]
        },
        "abx_within": {
          "pearson": [
            0.35368005812124814,
            1.264681479994349
          ],
          "spearman": [
            0.6603113044094012,
            0.9275674834693864
          ]
        }
      }
    },
    "diff": {}
  },
  "best_models": {
    "mix": [
      [
        100,
        0.47507,
        19.54586999147596,
        12.993651880354717
      ],
      [
        100,
        0.474374,
        19.60963930407017,
        12.952635899810428
      ],
      [
        100,
        0.474737,
        19.427362966683848,
        12.929361283084473
      ]
    ],
    "diff": []
  },
  "t_test": {
    "abx_across": [
      NaN,
      NaN
    ],
    "abx_within": [
      NaN,
      NaN
    ],
    "p_critical": 0.050000000000000044
  },
  "z_obs": {
    "abx_across": {
      "pearson": 0,