{
  "mix": {
    "1": [
      [
        10,
        0.515269,
        21.509305981050186,
        13.312727286913105
      ],
      [
        20,
        0.496342,
        20.592373404023036,
        13.241451456081666
      ],
      [
        30,
        0.487772,
        20.270716222133032,
        13.10746233052349
      ],
      [
        40,
        0.483375,
        20.04922903961983,
        12.96770851609258
      ],
      [
        50,
        0.48085,
        19.886388855836444,
        13.060141716406992
      ],
      [
        60,
        0.478873,
        19.840933898852143,
        13.05601440697024
      ],
      [
        70,
        0.477532,
        19.808112883558504,
        12.971425787842472
      ],
      [
        80,
        0.476252,
        19.682312888613485,
        12.983924715679196
      ],
      [
        90,
        0.475528,
        19.60368881380653,
        12.957856253585431
      ],
      [
        100,
        0.47507,
        19.54586999147596,
        12.993651880354717
      ]
    ],
    "2": [
      [
        10,
        0.514745,
        21.45951465009902,
        13.102046794076994
      ],
      [
        20,
        0.495823,
        20.56408651039484,
        13.23899129804833
      ],
      [
        30,
        0.487775,
        20.31132449634423,
        13.163213375517069
      ],
      [
        40,
        0.482975,
        20.027167968411874,
        13.179999278317977
      ],
      [
        50,
        0.480375,
        19.875211205101795,
        13.171595551601534
      ],
      [
        60,
        0.478654,
        19.797820026915424,
        13.057391334515966
      ],
      [
        70,
        0.477154,
        19.6739698954725,
        12.97112699573858
      ],
      [
        80,
        0.476036,
        19.6378015494055,
        12.853964975968356
      ],
      [
        90,
        0.475084,
        19.61731246200049,
        12.951955382034674
      ],
      [
        100,
        0.474374,
        19.60963930407017,
        12.952635899810428
      ]
    ],
    "3": [
      [
        10,
        0.515651,
        21.2585132859221,
        13.388035289557509
      ],
      [
        20,
        0.496098,
        20.442367874012255,
        13.203299097180832
      ],
      [
        30,
        0.487684,
        20.20149479748554,
        13.108344666506188
      ],
      [
        40,
        0.48355,
        19.939386216242173,
        12.959388973846163
      ],
      [
        50,
        0.480598,
        19.776134218165776,
        12.949853626239483
      ],
      [
        60,
        0.478745,
        19.68487643426625,
        13.00377400105408
      ],
      [
        70,
        0.477441,
        19.627551298023583,
        12.922204982857421
      ],
      [
        80,
        0.476304,
        19.564445389112862,
        12.890558169131527
      ],
      [
        90,
        0.475408,
        19.52045749856577,
        12.944590238278163
      ],
      [
        100,
        0.474737,
        19.427362966683848,
        12.929361283084473
      ]
    ]
  }
}