{
  "means": {
    "mix": [
      [
        10,
        0.47545166666666666,
        19.034503941665584,
        11.996137117279824
      ],
      [
        20,
        0.473729,
        19.259666682728945,
        12.24881174370338
      ],
      [
        30,
        0.473601,
        19.45410666739332,
        12.411124031515053
      ],
      [
        40,
        0.475126,
        19.618316284745205,
        12.543570687749693
      ],
      [
        50,
        0.47680833333333333,
        19.857530226233106,
        12.810022749820277
      ],
      [
        60,
        0.47838933333333333,
        20.077073214577982,
        12.93483505458149
      ],
      [
        70,
        0.4798013333333333,
        19.743949983803244,
        12.378664927373373
      ],
      [
        80,
        0.4803916666666667,
        20.624611737606227,
        13.520210980519979
      ],
      [
        90,
        0.480702,
        20.270203620374307,
        13.16666713795014
      ],
      [
        100,
        0.48269500000000004,
        20.85470620814529,
        13.614855149343283
      ]
    ],
    "diff": []
  },
  "std": {
    "mix": {
      "1": {
        "abx_across": 0.6267818263101732,
        "abx_within": 0.534929882784964
      },
      "2": {
        "abx_across": 0.6343743103566682,
        "abx_within": 0.6757016137605335
      },
      "3": {
        "abx_across": 0.5057828654506665,
        "abx_within": 0.452264113113995
      },
      "total": {
        "abx_across": 0.6524988428724946,
        "abx_within": 0.5815152453617805
      }
    },
    "diff": {}
  },
  "conf_interval": {
    "mix": {
      "10": {
        "val_loss": [
          0.47498538186642236,
          0.47591795146691096
        ],
        "abx_across": [
          18.482917308745844,
          19.586090574585324
        ],
        "abx_within": [
          11.579713212899165,
          12.412561021660483
        ]
      },
      "20": {
        "val_loss": [
          0.4725623870651898,
          0.4748956129348102
        ],
        "abx_across": [
          18.61954049676485,
          19.89979286869304
        ],
        "abx_within": [
          11.67178094807524,
          12.82584253933152
        ]
      },
      "30": {
        "val_loss": [
          0.4729828075866374,
          0.4742191924133626
        ],
        "abx_across": [
          18.66036467303073,
          20.247848661755906
        ],
        "abx_within": [
          11.650432622916574,
          13.171815440113532
        ]
      },
      "40": {
        "val_loss": [
          0.47455866404366215,
          0.47569333595633784
        ],
        "abx_across": [
          18.518006186407572,
          20.71862638308284
        ],
        "abx_within": [
          11.605281877303335,
          13.48185949819605
        ]
      },
      "50": {
        "val_loss": [
          0.47590129643416246,
          0.4777153702325042
        ],
        "abx_across": [
          19.446768243671713,
          20.2682922087945
        ],
        "abx_within": [
          12.770311261088137,
          12.849734238552417
        ]
      },
      "60": {
        "val_loss": [
          0.47756010129695575,
          0.4792185653697109
        ],
        "abx_across": [
          19.069158653384136,
          21.08498777577183
        ],
        "abx_within": [
          12.245932328865592,
          13.623737780297386
        ]
      },
      "70": {
        "val_loss": [
          0.4782963958596748,
          0.4813062708069918
        ],
        "abx_across": [
          18.82519436589688,
          20.662705601709607
        ],
        "abx_within": [
          11.893017596983581,
          12.864312257763165
        ]
      },
      "80": {
        "val_loss": [
          0.47996520962590333,
          0.4808181237074301
        ],
        "abx_across": [
          19.521134434809618,
          21.728089040402836
        ],
        "abx_within": [
          12.719414229603174,
          14.321007731436783
        ]
      },
      "90": {
        "val_loss": [
          0.4795320927418483,
          0.4818719072581517
        ],
        "abx_across": [
          19.903800457285865,
          20.63660678346275
        ],
        "abx_within": [
          12.860260380127448,
          13.473073895772833
        ]
      },
      "100": {
        "val_loss": [
          0.4809732877250756,
          0.4844167122749245
        ],
        "abx_across": [
          20.526081305816177,
          21.183331110474406
        ],
        "abx_within": [
          13.154503043000949,
          14.075207255685617
        ]
      }
    },
    "diff": {}
  },
  "correlation": {
    "mix": {
      "abx_across": {
        "pearson": [
          0.8795361372136763,
          0.0007946972264085211
        ],
        "spearman": [
          0.8666666666666665,
          0.0011735381801554687
        ],
        "pearson_t": 5.228112794339258,
        "spearman_t": 0.8666666666666665
      },
      "abx_within": {
        "pearson": [
          0.8049625873343385,
          0.004966063216758269
        ],
        "spearman": [
          0.7454545454545454,
          0.013330146315440047
        ],
        "pearson_t": 3.837316522976753,
        "spearman_t": 0.7454545454545454
      }
    },
    "diff": {}
  },
  "correlation_series": {
    "mix": {
      "1": {
        "abx_across": {
          "pearson": [
            0.7728220292764545,
            0.00876728419401979
          ],
          "spearman": [
            0.8181818181818182,
            0.0038149200825507135
          ]
        },
        "abx_within": {
          "pearson": [
            0.5824144260606829,
            0.07727697243910453
          ],
          "spearman": [
            0.6606060606060605,
            0.03758837757140939
          ]
        }
      },
      "2": {
        "abx_across": {
          "pearson": [
            0.9052599326839518,
            0.0003139520264728156
          ],
          "spearman": [
            0.9030303030303028,
            0.00034361219776328223
          ]
        },
        "abx_within": {
          "pearson": [
            0.8965919064073948,
            0.0004408184781580192
          ],
          "spearman": [
            0.9030303030303028,
            0.00034361219776328223
          ]
        }
      },
      "3": {
        "abx_across": {
          "pearson": [
            0.772716202671435,
            0.008782416375671674
          ],
          "spearman": [
            0.7818181818181817,
            0.007547007781067878
          ]
        },
        "abx_within": {
          "pearson": [
            0.6957012923860807,
            0.02547592462010684
          ],
          "spearman": [
            0.6242424242424242,
            0.053717767217167395
          ]
        }
      },
      "conf_interval": {
        "abx_across": {
          "pearson": [
            0.6763843845436781,
            0.9574810585442162
          ],
          "spearman": [
            0.7200557515796598,
            0.9486311171072087
          ]
        },
        "abx_within": {
          "pearson": [
            0.4325536227566682,
            1.0172514604794374
          ],
          "spearman": [
            0.45082684817366625,
            1.007759010412192
          ]
        }
      }
    },
    "diff": {}
  },
  "best_models": {
    "mix": [
      [
        30,
        0.473221,
        19.616978726601765,
        12.54476014458744
      ],
      [
        30,
        0.473861,
        18.96435170092087,
        11.946803610594714
      ],
      [
        20,
        0.473432,
        19.5227592558919,
        12.404933468402234
      ]
    ],
    "diff": []
  },
  "t_test": {
    "abx_across": [
      NaN,
      NaN
    ],
    "abx_within": [
      NaN,
      NaN
    ],
    "p_critical": 0.050000000000000044
  },
  "z_obs": {
    "abx_across": {
      "pearson": 0,
      "spearman": 0
    },