{
  "means": {
    "mix": [
      [
        10,
        0.5100376666666667,
        14.963384363318832,
        12.082539428777068
      ],
      [
        20,
        0.49281966666666666,
        13.953933733982696,
        11.384816297185525
      ],
      [
        30,
        0.484296,
        13.505611173397375,
        11.056040656358357
      ],
      [
        40,
        0.48051200000000005,
        13.257960780429398,
        10.798282738159779
      ],
      [
        50,
        0.477573,
        13.033984222853038,
        10.641035209420657
      ],
      [
        60,
        0.47557866666666665,
        12.958506789229505,
        10.589009657589594
      ],
      [
        70,
        0.47555433333333336,
        12.859903029709272,
        10.445505212720464
      ],
      [
        80,
        0.47494,
        12.769819804469265,
        10.33722182678922
      ],
      [
        90,
        0.475216,
        12.721674396212839,
        10.31907753636082
      ],
      [
        100,
        0.475644,
        12.72499370584662,
        10.289249405870793
      ]
    ],
    "diff": []
  },
  "std": {
    "mix": {
      "1": {
        "abx_across": 0.7367796257483566,
        "abx_within": 0.6745894150597471
      },
      "2": {
        "abx_across": 0.72982992995433,
        "abx_within": 0.5973040154213745
      },
      "3": {
        "abx_across": 0.5606208377439427,
        "abx_within": 0.36436088833042884
      },
      "total": {
        "abx_across": 0.682457327759939,
        "abx_within": 0.5613859002494447
      }
    },
    "diff": {}
  },
  "conf_interval": {
    "mix": {
      "10": {
        "val_loss": [
          0.5081424561341641,
          0.5119328771991694
        ],
        "abx_across": [
          14.46404352670922,
          15.462725199928444
        ],
        "abx_within": [
          11.483787332663491,
          12.681291524890645
        ]
      },
      "20": {
        "val_loss": [
          0.4912341584886687,
          0.4944051748446646
        ],
        "abx_across": [
          13.633201227040274,
          14.274666240925118
        ],
        "abx_within": [
          10.85751264674815,
          11.9121199476229
        ]
      },
      "30": {
        "val_loss": [
          0.48312675375130054,
          0.48546524624869947
        ],
        "abx_across": [
          13.25857158444248,
          13.75265076235227
        ],
        "abx_within": [
          10.77187677644492,
          11.340204536271795
        ]
      },
      "40": {
        "val_loss": [
          0.4789370512979187,
          0.4820869487020814
        ],
        "abx_across": [
          13.112146508753955,
          13.40377505210484
        ],
        "abx_within": [
          10.710451625114478,
          10.88611385120508
        ]
      },
      "50": {
        "val_loss": [
          0.47687709618060287,
          0.4782689038193972
        ],
        "abx_across": [
          12.933628386219834,
          13.134340059486242
        ],
        "abx_within": [
          10.54252584222084,
          10.739544576620474
        ]
      },
      "60": {
        "val_loss": [
          0.4748268807559799,
          0.4763304525773534
        ],
        "abx_across": [
          12.867042930914717,
          13.049970647544292
        ],
        "abx_within": [
          10.52435501261139,
          10.6536643025678
        ]
      },
      "70": {
        "val_loss": [
          0.47459989592676355,
          0.47650877073990316
        ],
        "abx_across": [
          12.793892357494299,
          12.925913701924246
        ],
        "abx_within": [
          10.198198179101018,
          10.69281224633991
        ]
      },
      "80": {
        "val_loss": [
          0.4738508948330245,
          0.47602910516697544
        ],
        "abx_across": [
          12.687000383602129,
          12.8526392253364
        ],
        "abx_within": [
          10.022738939496767,
          10.651704714081673
        ]
      },
      "90": {
        "val_loss": [
          0.4741854556137692,
          0.4762465443862309
        ],
        "abx_across": [
          12.686233914368566,
          12.757114878057111
        ],
        "abx_within": [
          10.095740494938127,
          10.542414577783514
        ]
      },
      "100": {
        "val_loss": [
          0.473724891641011,
          0.477563108358989
        ],
        "abx_across": [
          12.549754050098102,
          12.900233361595138
        ],
        "abx_within": [
          10.061404092930088,
          10.517094718811498
        ]
      }
    },
    "diff": {}
  },
  "correlation": {
    "mix": {
      "abx_across": {
        "pearson": [
          0.9924734830580373,
          1.391317797468702e-08
        ],
        "spearman": [
          0.9030303030303028,
          0.00034361219776328223
        ],
        "pearson_t": 22.922955360809233,
        "spearman_t": 0.9030303030303028
      },
      "abx_within": {
        "pearson": [
          0.9786306960932172,
          8.891172625616659e-07
        ],
        "spearman": [
          0.8666666666666665,
          0.0011735381801554687
        ],
        "pearson_t": 13.461277229182388,
        "spearman_t": 0.8666666666666665
      }
    },
    "diff": {}
  },
  "correlation_series": {
    "mix": {
      "1": {
        "abx_across": {
          "pearson": [
            0.9903081049019005,
            3.815512838595829e-08
          ],
          "spearman": [
            0.8424242424242423,
            0.0022200312259168407
          ]
        },
        "abx_within": {
          "pearson": [
            0.9700331033438819,
            3.402839225138612e-06
          ],
          "spearman": [
            0.8666666666666665,
            0.0011735381801554687
          ]
        }
      },
      "2": {
        "abx_across": {
          "pearson": [
            0.9865546337541181,
            1.4068383015360263e-07
          ],
          "spearman": [
            0.8424242424242423,
            0.0022200312259168407
          ]
        },
        "abx_within": {
          "pearson": [
            0.9750199730123685,
            1.6529940949142567e-06
          ],
          "spearman": [
            0.8181818181818182,
            0.0038149200825507135
          ]
        }
      },
      "3": {
        "abx_across": {
          "pearson": [
            0.9948974500226951,
            2.947578800966001e-09
          ],
          "spearman": [
            0.9757575757575757,
            1.4675461874042197e-06
          ]
        },
        "abx_within": {
          "pearson": [
            0.9878805578436757,
            9.302044645331047e-08
          ],
          "spearman": [
            0.9757575757575757,
            1.4675461874042197e-06
          ]
        }
      },
      "conf_interval": {
        "abx_across": {
          "pearson": [
            0.9829094294427427,
            0.9982640296763998
          ],
          "spearman": [
            0.7454266288560527,
            1.0283107448813207
          ]
        },
        "abx_within": {
          "pearson": [
            0.9607247024317475,
            0.99456438703487
          ],
          "spearman": [
            0.7385787425459813,
            1.035158631191392
          ]
        }
      }
    },
    "diff": {}
  },
  "best_models": {
    "mix": [
      [
        80,
        0.47456,
        12.721783404400622,
        10.198889589766269
      ],
      [
        80,
        0.474637,
        12.776485875928234,
        10.284145896735753
      ],
      [
        90,
        0.474621,
        12.736423651937468,
        10.456801199187016
      ]
    ],
    "diff": []
  },
  "t_test": {
    "abx_across": [
      NaN,
      NaN
    ],
    "abx_within": [
      NaN,
      NaN
    ],
    "p_critical": 0.050000000000000044
  },
  "z_obs": {
    "abx_across": {
      "pearson": 0,
      "spearman": 0
    },