{
  "means": {
    "mix": [
      [
        10,
        0.47132,
        14.76684307700035,
        11.914372015294669
      ],
      [
        20,
        0.44149166666666667,
        13.898275200369262,
        11.228668469967529
      ],
      [
        30,
        0.4273373333333333,
        13.492296226868097,
        10.954607801612179
      ],
      [
        40,
        0.42204533333333333,
        13.278074243750803,
        10.78094198886575
      ],
      [
        50,
        0.41849600000000003,
        13.039475667904213,
        10.634398572023445
      ],
      [
        60,
        0.4173826666666667,
        12.873877279835549,
        10.500568034189673
      ],
      [
        70,
        0.4166436666666667,
        12.79064313396212,
        10.359820646217761
      ],
      [
        80,
        0.4187256666666666,
        12.716409439113507,
        10.248791189127227
      ],
      [
        90,
        0.418547,
        12.686351025755945,
        10.15302419536804
      ],
      [
        100,
        0.42083000000000004,
        12.68910042205608,
        10.115589334195578
      ]
    ],
    "diff": []
  },
  "std": {
    "mix": {
      "1": {
        "abx_across": 0.6293284779987954,
        "abx_within": 0.4975406969393684
      },
      "2": {
        "abx_across": 0.6701576277180992,
        "abx_within": 0.5806778156048887
      },
      "3": {
        "abx_across": 0.621492243841494,
        "abx_within": 0.5271918602697283
      },
      "total": {
        "abx_across": 0.6419422155000016,
        "abx_within": 0.5457108561033497
      }
    },
    "diff": {}
  },
  "conf_interval": {
    "mix": {
      "10": {
        "val_loss": [
          0.46976403325273847,
          0.47287596674726157
        ],
        "abx_across": [
          14.592928252879027,
          14.940757901121675
        ],
        "abx_within": [
          11.524105335878824,
          12.304638694710514
        ]
      },
      "20": {
        "val_loss": [
          0.4400949420994518,
          0.4428883912338815
        ],
        "abx_across": [
          13.803321680088777,
          13.993228720649748
        ],
        "abx_within": [
          11.081713405033016,
          11.375623534902042
        ]
      },
      "30": {
        "val_loss": [
          0.4258071740830606,
          0.42886749258360596
        ],
        "abx_across": [
          13.357537698139165,
          13.62705475559703
        ],
        "abx_within": [
          10.809927062664741,
          11.099288540559616
        ]
      },
      "40": {
        "val_loss": [
          0.41966367793858766,
          0.424426988728079
        ],
        "abx_across": [
          13.073613265102507,
          13.482535222399099
        ],
        "abx_within": [
          10.633036606487973,
          10.928847371243528
        ]
      },
      "50": {
        "val_loss": [
          0.41721176822930767,
          0.4197802317706924
        ],
        "abx_across": [
          12.901266414169202,
          13.177684921639225
        ],
        "abx_within": [
          10.365874290763433,
          10.902922853283457
        ]
      },
      "60": {
        "val_loss": [
          0.4144335631248553,
          0.42033177020847806
        ],
        "abx_across": [
          12.803801115382313,
          12.943953444288784
        ],
        "abx_within": [
          10.047381907045649,
          10.953754161333697
        ]
      },
      "70": {
        "val_loss": [
          0.4132157429030278,
          0.42007159043030556
        ],
        "abx_across": [
          12.687664215392436,
          12.893622052531805
        ],
        "abx_within": [
          10.003578984546083,
          10.71606230788944
        ]
      },
      "80": {
        "val_loss": [
          0.4168805426525628,
          0.4205707906807704
        ],
        "abx_across": [
          12.691600664636663,
          12.74121821359035
        ],
        "abx_within": [
          10.004632190068962,
          10.49295018818549
        ]
      },
      "90": {
        "val_loss": [
          0.4169678426931934,
          0.4201261573068066
        ],
        "abx_across": [
          12.622955559606586,
          12.749746491905304
        ],
        "abx_within": [
          9.93093728967481,
          10.37511110106127
        ]
      },
      "100": {
        "val_loss": [
          0.417555006063144,
          0.4241049939368561
        ],
        "abx_across": [
          12.509416576641703,
          12.868784267470458
        ],
        "abx_within": [
          9.950835112701373,
          10.280343555689782
        ]
      }
    },
    "diff": {}
  },
  "correlation": {
    "mix": {
      "abx_across": {
        "pearson": [
          0.9558622198119142,
          1.574089902065373e-05
        ],
        "spearman": [
          0.6606060606060605,
          0.03758837757140939
        ],
        "pearson_t": 9.201654392341862,
        "spearman_t": 0.6606060606060605
      },
      "abx_within": {
        "pearson": [
          0.9146452111709489,
          0.00020926547497780165
        ],
        "spearman": [
          0.6363636363636362,
          0.04791172612997547
        ],
        "pearson_t": 6.399404426029315,
        "spearman_t": 0.6363636363636362
      }
    },
    "diff": {}
  },
  "correlation_series": {
    "mix": {
      "1": {
        "abx_across": {
          "pearson": [
            0.9672252712005007,
            4.852331478910395e-06
          ],
          "spearman": [
            0.6969696969696969,
            0.02509667588225183
          ]
        },
        "abx_within": {
          "pearson": [
            0.9041955873717545,
            0.00032786564291294764
          ],
          "spearman": [
            0.6727272727272726,
            0.0330412225454377
          ]
        }
      },
      "2": {
        "abx_across": {
          "pearson": [
            0.9395029900058006,
            5.445417484233921e-05
          ],
          "spearman": [
            0.5757575757575757,
            0.08155281477260236
          ]
        },
        "abx_within": {
          "pearson": [
            0.9064355114804536,
            0.0002990936501916616
          ],
          "spearman": [
            0.5757575757575757,
            0.08155281477260236
          ]
        }
      },
      "3": {
        "abx_across": {
          "pearson": [
            0.9524784318297743,
            2.1064787687481396e-05
          ],
          "spearman": [
            0.709090909090909,
            0.021665923367532435
          ]
        },
        "abx_within": {
          "pearson": [
            0.9131247790226898,
            0.0002241566323899447
          ],
          "spearman": [
            0.7212121212121211,
            0.018573155089460208
          ]
        }
      },
      "conf_interval": {
        "abx_across": {
          "pearson": [
            0.9275833037431956,
            0.9785544916141881
          ],
          "spearman": [
            0.5251347379413314,
            0.7960773832707897
          ]
        },
        "abx_within": {
          "pearson": [
            0.8993827185528049,
            0.9164545333637937
          ],
          "spearman": [
            0.5204854709559837,
            0.7926458421753292
          ]
        }
      }
    },
    "diff": {}
  },
  "best_models": {
    "mix": [
      [
        50,
        0.417706,
        12.953387266333316,
        10.78633667123362
      ],
      [
        60,
        0.415576,
        12.901883868966223,
        10.555995286491127
      ],
      [
        70,
        0.415512,
        12.801252260189855,
        10.137930983474252
      ]
    ],
    "diff": []
  },
  "t_test": {
    "abx_across": [
      NaN,
      NaN
    ],
    "abx_within": [
      NaN,
      NaN
    ],
    "p_critical": 0.050000000000000044
  },
  "z_obs": {
    "abx_across": {
      "pearson": 0,