{
  "mix": {
    "1": [
      [
        10,
        0.471644,
        14.708516927624405,
        11.928374684635134
      ],
      [
        20,
        0.441443,
        13.841719593433165,
        11.245787989833978
      ],
      [
        30,
        0.428128,
        13.41595317383103,
        11.044798639002506
      ],
      [
        40,
        0.420693,
        13.149605725696468,
        10.835230471135294
      ],
      [
        50,
        0.417706,
        12.953387266333316,
        10.78633667123362
      ],
      [
        60,
        0.418644,
        12.830440835213652,
        10.714785585757925
      ],
      [
        70,
        0.418797,
        12.730050363125045,
        10.444975300962634
      ],
      [
        80,
        0.419017,
        12.731874058378024,
        10.378921635698191
      ],
      [
        90,
        0.418134,
        12.654796820116676,
        10.255983060009621
      ],
      [
        100,
        0.418906,
        12.651996838193657,
        10.218862017872944
      ]
    ],
    "2": [
      [
        10,
        0.471957,
        14.876054938622607,
        12.119427406659245
      ],
      [
        20,
        0.440757,
        13.910067445694473,
        11.29870305790146
      ],
      [
        30,
        0.426468,
        13.498719866567676,
        10.919493427764893
      ],
      [
        40,
        0.422166,
        13.34013797871486,
        10.819138789153293
      ],
      [
        50,
        0.418748,
        13.072533595912738,
        10.622025019923376
      ],
      [
        60,
        0.415576,
        12.901883868966223,
        10.555995286491127
      ],
      [
        70,
        0.415622,
        12.840626778571462,
        10.4965556542164
      ],
      [
        80,
        0.417608,
        12.70696136894106,
        10.254136717360996
      ],
      [
        90,
        0.419535,
        12.681063681409555,
        10.183150083847725
      ],
      [
        100,
        0.422425,
        12.61528880444901,
        10.057521555151737
      ]
    ],
    "3": [
      [
        10,
        0.470359,
        14.71595736475404,
        11.695313954589626
      ],
      [
        20,
        0.442275,
        13.943038561980147,
        11.141514362167149
      ],
      [
        30,
        0.427416,
        13.562215640205588,
        10.899531338069135
      ],
      [
        40,
        0.423277,
        13.344479026841082,
        10.688456706308669
      ],
      [
        50,
        0.419034,
        13.092506141466586,
        10.494834024913335
      ],
      [
        60,
        0.417928,
        12.889307135326778,
        10.230923230319966
      ],
      [
        70,
        0.415512,
        12.801252260189855,
        10.137930983474252
      ],
      [
        80,
        0.419552,
        12.710392890021438,
        10.113315214322494
      ],
      [
        90,
        0.417972,
        12.723192575741605,
        10.019939442246773
      ],
      [
        100,
        0.421159,
        12.800015623525574,
        10.07038442956205
      ]
    ]
  }
}