{
  "mix": {
    "1": [
      [
        10,
        0.475573,
        19.20586743499998,
        12.075919275399126
      ],
      [
        20,
        0.473297,
        19.391676862617537,
        12.454205971419363
      ],
      [
        30,
        0.473221,
        19.616978726601765,
        12.54476014458744
      ],
      [
        40,
        0.474825,
        19.605753419446124,
        12.741059947688749
      ],
      [
        50,
        0.477309,
        19.74963702403365,
        12.800778402685475
      ],
      [
        60,
        0.47891,
        20.125496347659354,
        12.860713324106554
      ],
      [
        70,
        0.480299,
        19.686675543249166,
        12.211586490139837
      ],
      [
        80,
        0.480654,
        21.297019557425855,
        13.992636530465186
      ],
      [
        90,
        0.481393,
        20.476693921261646,
        13.061251656330919
      ],
      [
        100,
        0.483777,
        20.735390593079128,
        13.356277294175245
      ]
    ],
    "2": [
      [
        10,
        0.47516,
        18.6878681209793,
        11.740395461181086
      ],
      [
        20,
        0.474458,
        18.86456392967739,
        11.887295791288544
      ],
      [
        30,
        0.473861,
        18.96435170092087,
        11.946803610594714
      ],
      [
        40,
        0.475442,
        19.025851262405645,
        11.963653302799404
      ],
      [
        50,
        0.476322,
        19.708382335400586,
        12.794569323323712
      ],
      [
        60,
        0.47811,
        19.50590802862935,
        12.602495490028298
      ],
      [
        70,
        0.478856,
        19.27501937251097,
        12.241012803365535
      ],
      [
        80,
        0.480308,
        20.141492966634445,
        13.434206380126568
      ],
      [
        90,
        0.480139,
        20.078709787428906,
        13.358928981508168
      ],
      [
        100,
        0.482151,
        20.768378430985234,
        13.631773908632926
      ]
    ],
    "3": [
      [
        10,
        0.475622,
        19.209776269017475,
        12.172096615259264
      ],
      [
        20,
        0.473432,
        19.5227592558919,
        12.404933468402234
      ],
      [
        30,
        0.473721,
        19.780989574657326,
        12.741808339363004
      ],
      [
        40,
        0.475111,
        20.22334417238385,
        12.92599881276092
      ],
      [
        50,
        0.476794,
        20.114571319265085,
        12.834720523451647
      ],
      [
        60,
        0.478148,
        20.599815267445244,
        13.34129634960961
      ],
      [
        70,
        0.480249,
        20.270155035649594,
        12.683395488614746
      ],
      [
        80,
        0.480213,
        20.435322688758383,
        13.133790030968184
      ],
      [
        90,
        0.480574,
        20.255207152432376,
        13.079820776011331
      ],
      [
        100,
        0.482157,
        21.06034960037152,
        13.856514245221675
      ]
    ]
  }
}