{
  "mix": {
    "1": [
      [
        10,
        77916.290669,
        11.96652278344491,
        9.989159868189379
      ],
      [
        20,
        74912.918764,
        11.982247236533606,
        10.081251145004721
      ],
      [
        30,
        73805.957308,
        12.165631764859741,
        10.128478485377123
      ],
      [
        40,
        72825.484418,
        12.057306208469832,
        9.925501220788036
      ],
      [
        50,
        72578.106615,
        12.111776995584744,
        10.137828207166233
      ],
      [
        60,
        72107.980983,
        12.131550787272028,
        10.082081689326905
      ],
      [
        70,
        72392.203289,
        12.15891149792282,
        10.186785332578873
      ],
      [
        80,
        72211.526665,
        12.213447812170653,
        10.189370488092564
      ],
      [
        90,
        72327.089099,
        12.087272128070603,
        10.200865722350228
      ],
      [
        100,
        72509.882688,
        12.270365591948206,
        10.183066707778131
      ]
    ],
    "2": [
      [
        10,
        77970.304333,
        11.92774073845133,
        9.215349415016693
      ],
      [
        20,
        76535.904036,
        11.83671092127181,
        9.18493041425199
      ],
      [
        30,
        75636.087937,
        11.707661366397648,
        9.269657810184883
      ],
      [
        40,
        75569.420631,
        11.686423114979739,
        9.370426184779001
      ],
      [
        50,
        75163.944322,
        11.90004633810835,
        9.63147958707643
      ],
      [
        60,
        74874.336015,
        11.72843707750838,
        9.616728830741684
      ],
      [
        70,
        74721.34605,
        11.848584549663798,
        9.681755687586701
      ],
      [
        80,
        74767.939913,
        11.783425927427682,
        9.814752119266634
      ],
      [
        90,
        73589.833669,
        11.776409968748435,
        9.595928029540179
      ],
      [
        100,
        74432.099001,
        11.906078414213583,
        9.936932051074443
      ]
    ],
    "3": [
      [
        10,
        57573.955866,
        12.265302175511138,
        10.166748995010643
      ],
      [
        20,
        55636.966083,
        11.83207757617063,
        10.216832040199508
      ],
      [
        30,
        55146.044351,
        11.809852934384724,
        10.145278961887861
      ],
      [
        40,
        55137.748257,
        11.594493983512844,
        10.090779372922242
      ],
      [
        50,
        54879.665107,
        11.559208429892742,
        10.15056689024707
      ],
      [
        60,
        55126.478475,
        11.558958941218567,
        10.057612676880723
      ],
      [
        70,
        55438.627936,
        11.712583066875181,
        10.190340879833826
      ],
      [
        80,
        55343.665752,
        11.622100468156905,
        10.13586333131956
      ],
      [
        90,
        55667.860459,
        11.626277243011863,
        10.11424177589303
      ],
      [
        100,
        55386.245439,
        11.63638641578596,
        10.063072000781336
      ]
    ]
  }
}