{
  "mix": {
    "1": {
      "p_across_speaker": [
        0.037402544962838735,
        0.8828604968404518
      ],
      "p_within_speaker": [
        -0.18113424017376506,
        0.471955694560152
      ],
      "s_across_speaker": [
        0.0629514963880289,
        0.8040167566657793
      ],
      "s_within_speaker": [
        -0.3065015479876161,
        0.21606379461125766
      ]
    },
    "2": {
      "p_across_speaker": [
        0.08338308513890774,
        0.7422004942869194
      ],
      "p_within_speaker": [
        -0.26965401515009757,
        0.27920045004607535
      ],
      "s_across_speaker": [
        -0.21362229102167182,
        0.3946884572555506
      ],
      "s_within_speaker": [
        -0.08152734778121776,
        0.7477594697936525
      ]
    }
  }
}