{
  "mix": {
    "1": {
      "p_across_speaker": [
        0.3978558546174075,
        0.2889370731724545
      ],
      "p_within_speaker": [
        -0.020776166597785257,
        0.9576903625751163
      ],
      "s_across_speaker": [
        0.48333333333333334,
        0.18746985521554207
      ],
      "s_within_speaker": [
        -0.049999999999999996,
        0.8983528043506301
      ]
    },
    "2": {
      "p_across_speaker": [
        0.3059222309914104,
        0.4233614879375774
      ],
      "p_within_speaker": [
        0.32350807260931663,
        0.39576019421230957
      ],
      "s_across_speaker": [
        -0.016666666666666666,
        0.9660548039946861
      ],
      "s_within_speaker": [
        0.41666666666666663,
        0.26458604674749614
      ]
    }
  }
}