{
  "mix": {
    "1": {
      "p_across_speaker": [
        0.39052992955808213,
        0.29872144771763715
      ],
      "p_within_speaker": [
        -0.14576787030854893,
        0.7082521492585826
      ],
      "s_across_speaker": [
        0.39999999999999997,
        0.2861051019083129
      ],
      "s_within_speaker": [
        -0.16666666666666669,
        0.668231040071504
      ]
    },
    "2": {
      "p_across_speaker": [
        0.5393212480578061,
        0.1340023658821269
      ],
      "p_within_speaker": [
        -0.17569142199401475,
        0.6511635887012028
      ],
      "s_across_speaker": [
        0.4666666666666666,
        0.20538635110581185
      ],
      "s_within_speaker": [
        -0.2333333333333333,
        0.5456987782182727
      ]
    }
  }
}