{
  "means": {
    "mix": [
      [
        10,
        71153.51695599999,
        12.05318856580246,
        9.790419426072239
      ],
      [
        20,
        69028.59629433334,
        11.883678577992015,
        9.82767119981874
      ],
      [
        30,
        68196.02986533333,
        11.894382021880704,
        9.847805085816622
      ],
      [
        40,
        67844.21776866667,
        11.779407768987474,
        9.795568926163092
      ],
      [
        50,
        67540.57201466667,
        11.857010587861945,
        9.973291561496579
      ],
      [
        60,
        67369.598491,
        11.806315601999657,
        9.918807732316438
      ],
      [
        70,
        67517.392425,
        11.906693038153932,
        10.019627299999799
      ],
      [
        80,
        67441.04411,
        11.87299140258508,
        10.046661979559588
      ],
      [
        90,
        67194.92774233333,
        11.8299864466103,
        9.970345175927811
      ],
      [
        100,
        67442.742376,
        11.93761014064925,
        10.061023586544637
      ]
    ],
    "diff": []
  },
  "std": {
    "mix": {
      "1": {
        "abx_across": 0.0907580694304644,
        "abx_within": 0.08783677362302553
      },
      "2": {
        "abx_across": 0.08224093913704038,
        "abx_within": 0.24559345211208702
      },
      "3": {
        "abx_across": 0.20271016185143684,
        "abx_within": 0.04962841573137559
      },
      "total": {
        "abx_across": 0.21679502682836366,
        "abx_within": 0.317706646800189
      }
    },
    "diff": {}
  },
  "conf_interval": {
    "mix": {
      "10": {
        "val_loss": [
          49545.34796971222,
          92761.68594228776
        ],
        "abx_across": [
          11.713793191358052,
          12.392583940246867
        ],
        "abx_within": [
          8.860924225987281,
          10.719914626157196
        ]
      },
      "20": {
        "val_loss": [
          47667.42338404193,
          90389.76920462475
        ],
        "abx_across": [
          11.726776096614412,
          12.040581059369618
        ],
        "abx_within": [
          8.797370353714669,
          10.85797204592281
        ]
      },
      "30": {
        "val_loss": [
          47362.635377016384,
          89029.42435365028
        ],
        "abx_across": [
          11.4526707933248,
          12.336093250436607
        ],
        "abx_within": [
          8.927714289711098,
          10.767895881922147
        ]
      },
      "40": {
        "val_loss": [
          47468.84941456276,
          88219.58612277058
        ],
        "abx_across": [
          11.32921665179802,
          12.229598886176927
        ],
        "abx_within": [
          9.102241074257362,
          10.488896778068822
        ]
      },
      "50": {
        "val_loss": [
          47254.666213797005,
          87826.47781553635
        ],
        "abx_across": [
          11.344771619650844,
          12.369249556073045
        ],
        "abx_within": [
          9.429266543908037,
          10.51731657908512
        ]
      },
      "60": {
        "val_loss": [
          47722.992696130765,
          87016.20428586923
        ],
        "abx_across": [
          11.265879889205221,
          12.346751314794092
        ],
        "abx_within": [
          9.437607432555419,
          10.400008032077457
        ]
      },
      "70": {
        "val_loss": [
          48178.639159330356,
          86856.14569066964
        ],
        "abx_across": [
          11.486358199803073,
          12.327027876504792
        ],
        "abx_within": [
          9.481988244843603,
          10.557266355155996
        ]
      },
      "80": {
        "val_loss": [
          48048.67630506944,
          86833.41191493056
        ],
        "abx_across": [
          11.311341768126116,
          12.434641037044045
        ],
        "abx_within": [
          9.674381994202475,
          10.4189419649167
        ]
      },
      "90": {
        "val_loss": [
          48816.14271595143,
          85573.71276871522
        ],
        "abx_across": [
          11.397978297602405,
          12.261994595618196
        ],
        "abx_within": [
          9.369272481550789,
          10.571417870304833
        ]
      },
      "100": {
        "val_loss": [
          48177.06058192855,
          86708.42417007143
        ],
        "abx_across": [
          11.35302069415996,
          12.52219958713854
        ],
        "abx_within": [
          9.834877880915476,
          10.287169292173798
        ]
      }
    },
    "diff": {}
  },
  "correlation": {
    "mix": {
      "abx_across": {
        "pearson": [
          0.7482894597138648,
          0.01279397968989563
        ],
        "spearman": [
          0.4424242424242424,
          0.20042268671194224
        ],
        "pearson_t": 3.1904889940050363,
        "spearman_t": 0.4424242424242424
      },
      "abx_within": {
        "pearson": [
          -0.6770316518096849,
          0.03152084612877526
        ],
        "spearman": [
          -0.6606060606060605,
          0.03758837757140939
        ],
        "pearson_t": -2.60197641337873,
        "spearman_t": -0.6606060606060605
      }
    },
    "diff": {}
  },
  "correlation_series": {
    "mix": {
      "1": {
        "abx_across": {
          "pearson": [
            -0.7052711571261331,
            0.022709751698466455
          ],
          "spearman": [
            -0.5515151515151515,
            0.09840117666963498
          ]
        },
        "abx_within": {
          "pearson": [
            -0.5246591124397689,
            0.11947204629475074
          ],
          "spearman": [
            -0.6484848484848483,
            0.04254012768448945
          ]
        }
      },
      "2": {
        "abx_across": {
          "pearson": [
            0.282250041073162,
            0.4294585134002857
          ],
          "spearman": [
            0.006060606060606061,
            0.9867429111949892
          ]
        },
        "abx_within": {
          "pearson": [
            -0.7594497736797896,
            0.010829508387190026
          ],
          "spearman": [
            -0.7818181818181817,
            0.007547007781067878
          ]
        }
      },
      "3": {
        "abx_across": {
          "pearson": [
            0.9126567342171863,
            0.0002288936111183517
          ],
          "spearman": [
            0.7818181818181817,
            0.007547007781067878
          ]
        },
        "abx_within": {
          "pearson": [
            0.30993894698933333,
            0.3834698511974083
          ],
          "spearman": [
            0.43030303030303024,
            0.21449233253280775
          ]
        }
      },
      "conf_interval": {
        "abx_across": {
          "pearson": [
            -1.3351878409953706,
            1.6616115864381809
          ],
          "spearman": [
            -1.151590734829602,
            1.3091664924053596
          ]
        },
        "abx_within": {
          "pearson": [
            -1.3573912634457777,
            0.7079446373589608
          ],
          "spearman": [
            -1.554607647301321,
            0.8879409806346545
          ]
        }
      }
    },
    "diff": {}
  },
  "best_models": {
    "mix": [
      [
        60,
        72107.980983,
        12.131550787272028,
        10.082081689326905
      ],
      [
        90,
        73589.833669,
        11.776409968748435,
        9.595928029540179
      ],
      [
        50,
        54879.665107,
        11.559208429892742,
        10.15056689024707
      ]
    ],
    "diff": []
  },
  "t_test": {
    "abx_across": [
      NaN,
      NaN
    ],
    "abx_within": [
      NaN,
      NaN
    ],
    "p_critical": 0.050000000000000044
  },
  "z_obs": {
    "abx_across": {
      "pearson": 0,
      "spearman": 0
    },