{
  "mix": {
    "1": {
      "p_across_speaker": [
        0.40413250203932005,
        0.09624596888933143
      ],
      "p_within_speaker": [
        -0.19214836301698168,
        0.4449558357182632
      ],
      "s_across_speaker": [
        0.3560371517027864,
        0.14702554764788864
      ],
      "s_within_speaker": [
        0.05882352941176471,
        0.8166542035684891
      ]
    },
    "2": {
      "p_across_speaker": [
        0.6274592430318273,
        0.005310854041736767
      ],
      "p_within_speaker": [
        -0.08252713888055228,
        0.7447630438565652
      ],
      "s_across_speaker": [
        0.651186790505676,
        0.0034197801987985712
      ],
      "s_within_speaker": [
        -0.040247678018575844,
        0.8740147776078566
      ]
    }
  }
}