{
  "means": {
    "mix": [
      [
        1,
        92600.478176,
        17.91756974493702,
        9.837038777480567
      ],
      [
        2,
        89764.6789745,
        17.91756974493702,
        9.837038777480567
      ],
      [
        3,
        87900.9228495,
        17.184964354317085,
        9.727713126768572
      ],
      [
        4,
        87145.3113945,
        17.232533402634772,
        9.787101380802877
      ],
      [
        5,
        86153.45279750001,
        17.127099543087624,
        9.8078166045599
      ],
      [
        6,
        85415.5407345,
        17.155288589833184,
        9.87724926234647
      ],
      [
        7,
        83676.756301,
        17.268135424378023,
        9.999607420198641
      ],
      [
        8,
        82545.45868,
        17.230592406145703,
        9.970633708750793
      ],
      [
        9,
        82071.98648600001,
        17.231998310810603,
        9.97333672806514
      ],
      [
        10,
        81924.6193325,
        17.392913266228327,
        10.018075416971843
      ],
      [
        20,
        76896.9178535,
        17.407518899327844,
        10.122013300472055
      ],
      [
        30,
        74527.722718,
        17.53580321956813,
        10.322859386015315
      ],
      [
        40,
        73097.0573275,
        17.76838896873155,
        10.481724836997458
      ],
      [
        50,
        72080.73551299999,
        17.822081032742037,
        10.618589929391863
      ],
      [
        60,
        71591.4435465,
        17.80055976860378,
        10.48303373630241
      ],
      [
        70,
        71198.512619,
        17.871986905538396,
        10.546623248789578
      ],
      [
        80,
        70734.709617,
        17.952783859260954,
        10.668886450980002
      ],
      [
        90,
        70183.480013,
        18.00656502964112,
        10.588020386482693
      ],
      [
        100,
        70096.1037785,
        17.96475241380256,
        10.597680513334474
      ]
    ],
    "diff": []
  },
  "std": {
    "mix": {
      "1": {
        "abx_across": 0.36847227394919874,
        "abx_within": 0.31669696954273197
      },
      "2": {
        "abx_across": 0.3451319910940023,
        "abx_within": 0.3576988666208481
      },
      "total": {
        "abx_across": 0.3710204998489764,
        "abx_within": 0.34463232370265107
      }
    },
    "diff": {}
  },
  "conf_interval": {
    "mix": {
      "1": {
        "val_loss": [
          49280.078843509094,
          135920.87750849093
        ],
        "abx_across": [
          15.9620839308564,
          19.87305555901764
        ],
        "abx_within": [
          9.763860065787112,
          9.910217489174022
        ]
      },
      "2": {
        "val_loss": [
          55069.827518911596,
          124459.5304300884
        ],
        "abx_across": [
          15.9620839308564,
          19.87305555901764
        ],
        "abx_within": [
          9.763860065787112,
          9.910217489174022
        ]
      },
      "3": {
        "val_loss": [
          59210.944097405125,
          116590.90160159487
        ],
        "abx_across": [
          16.423516716519405,
          17.946411992114765
        ],
        "abx_within": [
          9.47285468666353,
          9.982571566873615
        ]
      },
      "4": {
        "val_loss": [
          60381.87050820155,
          113908.75228079844
        ],
        "abx_across": [
          16.770835617643115,
          17.69423118762643
        ],
        "abx_within": [
          9.299619068496758,
          10.274583693108996
        ]
      },
      "5": {
        "val_loss": [
          60321.05390846166,
          111985.85168653836
        ],
        "abx_across": [
          16.35527877326184,
          17.898920312913408
        ],
        "abx_within": [
          9.064081866256107,
          10.551551342863693
        ]
      },
      "6": {
        "val_loss": [
          59729.96831230958,
          111101.11315669041
        ],
        "abx_across": [
          16.469010583521346,
          17.84156659614502
        ],
        "abx_within": [
          9.259196923115354,
          10.495301601577587
        ]
      },
      "7": {
        "val_loss": [
          63469.63148049802,
          103883.88112150198
        ],
        "abx_across": [
          16.745785133522403,
          17.790485715233643
        ],
        "abx_within": [
          9.36367244238561,
          10.635542398011673
        ]
      },
      "8": {
        "val_loss": [
          61893.99708775531,
          103196.92027224468
        ],
        "abx_across": [
          16.4644563251517,
          17.996728487139706
        ],
        "abx_within": [
          9.425540490445846,
          10.51572692705574
        ]
      },
      "9": {
        "val_loss": [
          61397.264482030325,
          102746.7084899697
        ],
        "abx_across": [
          16.576218241343284,
          17.887778380277922
        ],
        "abx_within": [
          9.418060025121767,
          10.528613431008514
        ]
      },
      "10": {
        "val_loss": [
          59951.33963374983,
          103897.89903125018
        ],
        "abx_across": [
          17.242183207649635,
          17.543643324807018
        ],
        "abx_within": [
          9.768992912099137,
          10.26715792184455
        ]
      },
      "20": {
        "val_loss": [
          61743.92485906025,
          92049.91084793974
        ],
        "abx_across": [
          17.153745019105642,
          17.661292779550045
        ],
        "abx_within": [
          10.030670337904404,
          10.213356263039707
        ]
      },
      "30": {
        "val_loss": [
          63814.2097296326,
          85241.2357063674
        ],
        "abx_across": [
          17.484670644798808,
          17.586935794337453
        ],
        "abx_within": [
          10.111371948737974,
          10.534346823292656
        ]
      },
      "40": {
        "val_loss": [
          63613.454904852544,
          82580.65975014748
        ],
        "abx_across": [
          17.265957390679816,
          18.270820546783284
        ],
        "abx_within": [
          9.864726457449018,
          11.098723216545897
        ]
      },
      "50": {
        "val_loss": [
          64089.92792855535,
          80071.54309744464
        ],
        "abx_across": [
          17.40016870465331,
          18.243993360830764
        ],
        "abx_within": [
          10.279448770199293,
          10.957731088584433
        ]
      },
      "60": {
        "val_loss": [
          63495.10749416077,
          79687.77959883923
        ],
        "abx_across": [
          17.598645457188766,
          18.002474080018793
        ],
        "abx_within": [
          10.2810085613927,
          10.68505891121212
        ]
      },
      "70": {
        "val_loss": [
          65032.455832105756,
          77364.56940589425
        ],
        "abx_across": [
          17.839306163373784,
          17.904667647703008
        ],
        "abx_within": [
          10.361302480760333,
          10.731944016818822
        ]
      },
      "80": {
        "val_loss": [
          64525.003274388684,
          76944.41595961132
        ],
        "abx_across": [
          17.8126773585579,
          18.09289035996401
        ],
        "abx_within": [
          10.218239960315419,
          11.119532941644586
        ]
      },
      "90": {
        "val_loss": [
          65131.87350202932,
          75235.08652397068
        ],
        "abx_across": [
          17.79678600283414,
          18.2163440564481
        ],
        "abx_within": [
          10.466204255202754,
          10.709836517762632
        ]
      },
      "100": {
        "val_loss": [
          64757.14042493506,
          75435.06713206493
        ],