{
  "mix": {
    "1": [
      [
        1,
        144050.907685,
        13.057938803412661,
        9.202447836220784
      ],
      [
        2,
        134163.172873,
        12.448028630017017,
        8.844454596608543
      ],
      [
        3,
        118238.939948,
        12.384198201091012,
        9.213511309297395
      ],
      [
        4,
        108076.375569,
        12.246590784039668,
        9.178710677123625
      ],
      [
        5,
        104088.475982,
        11.97979189671502,
        9.209718300842884
      ],
      [
        6,
        102826.101839,
        11.866480207542306,
        9.177202077765113
      ],
      [
        7,
        102495.767255,
        11.794886059526954,
        9.208296463846711
      ],
      [
        8,
        100455.861702,
        11.743880165897236,
        9.200127756963283
      ],
      [
        9,
        99209.492831,
        11.62626750728445,
        9.14237305851654
      ],
      [
        10,
        99166.553023,
        11.656397341845482,
        9.141784499179206
      ],
      [
        20,
        94030.155626,
        11.453581496623643,
        9.140748397953091
      ],
      [
        30,
        92420.969865,
        11.284837451406805,
        9.038948819647219
      ],
      [
        40,
        90134.558906,
        11.31594709568098,
        9.015663603013092
      ],
      [
        50,
        87292.107434,
        11.326943830358982,
        9.19157005853154
      ],
      [
        60,
        85857.942595,
        11.261064364199857,
        9.231273336903723
      ],
      [
        70,
        84734.7827,
        11.201771280458905,
        9.173230531789933
      ],
      [
        80,
        83163.701301,
        11.202084872212648,
        9.21214089392388
      ],
      [
        90,
        84441.418062,
        11.225611855262152,
        9.340470635483344
      ],
      [
        100,
        82154.771675,
        11.174654987581578,
        9.276373956915918
      ]
    ],
    "2": [
      [
        1,
        152106.660608,
        13.679120415847123,
        9.347362308703676
      ],
      [
        2,
        129865.72834,
        12.62540153062288,
        9.27151788089855
      ],
      [
        3,
        105539.513878,
        12.175216431840708,
        9.371670337645742
      ],
      [
        4,
        86207.319545,
        12.16179525162715,
        9.36361540105015
      ],
      [
        5,
        81499.759271,
        11.958780419762704,
        9.385530403836706
      ],
      [
        6,
        79224.628033,
        11.932475045205326,
        9.458447657182612
      ],
      [
        7,
        78275.557151,
        11.764860993158443,
        9.349078933371457
      ],
      [
        8,
        77544.228683,
        11.807625004697176,
        9.400174844287534
      ],
      [
        9,
        77330.540392,
        11.793121815172025,
        9.396466875188692
      ],
      [
        10,
        76794.546555,
        11.707844720643845,
        9.357849707324927
      ],
      [
        20,
        73477.828932,
        11.572066077473252,
        9.401648396862694
      ],
      [
        30,
        72707.247579,
        11.482428619950024,
        9.445575772572656
      ],
      [
        40,
        72244.530256,
        11.477226959227183,
        9.302580416461526
      ],
      [
        50,
        72478.119776,
        11.47752978326051,
        9.349699818778202
      ],
      [
        60,
        71548.450435,
        11.448672154480189,
        9.325651000752554
      ],
      [
        70,
        71835.392403,
        11.477046455598149,
        9.487478178461695
      ],
      [
        80,
        71685.975315,
        11.424916767327653,
        9.392263105677745
      ],
      [
        90,
        72115.214013,
        11.46396413242905,
        9.402316890849782
      ],
      [
        100,
        71772.63454,
        11.392087526405293,
        9.383694060640469
      ]
    ]
  }
}