{
  "mix": {
    "1": [
      [
        1,
        82532.177978,
        17.46308597949473,
        9.854046590168942
      ],
      [
        2,
        81701.083413,
        17.46308597949473,
        9.854046590168942
      ],
      [
        3,
        81232.948334,
        17.00799268460639,
        9.786945989865636
      ],
      [
        4,
        80925.092714,
        17.125228022913554,
        9.900399465242094
      ],
      [
        5,
        80149.622019,
        16.947717004389993,
        9.980671534992346
      ],
      [
        6,
        79445.834594,
        16.995787451955856,
        10.020893748208536
      ],
      [
        7,
        78980.322243,
        17.146733507085386,
        10.147408095208299
      ],
      [
        8,
        77745.754198,
        17.05253107303649,
        10.09732141805988
      ],
      [
        9,
        77266.875941,
        17.07958534359425,
        10.102391229508678
      ],
      [
        10,
        76817.704813,
        17.42794515656213,
        10.075965867470238
      ],
      [
        20,
        73375.138629,
        17.348538103955256,
        10.100783847782868
      ],
      [
        30,
        72037.744172,
        17.54768718464248,
        10.273706584115427
      ],
      [
        40,
        70892.92815,
        17.885161483175704,
        10.625124367073212
      ],
      [
        50,
        70223.553889,
        17.92013968506033,
        10.697411340386742
      ],
      [
        60,
        69709.735549,
        17.753631902450106,
        10.529987368768555
      ],
      [
        70,
        69765.430013,
        17.879582392373162,
        10.589694530545813
      ],
      [
        80,
        69291.48221,
        17.98534667794466,
        10.773623346786575
      ],
      [
        90,
        69009.4121,
        17.957809287550052,
        10.616332253353356
      ],
      [
        100,
        68855.249894,
        17.881457397936586,
        10.533736871474575
      ]
    ],
    "2": [
      [
        1,
        102668.778374,
        18.372053510379306,
        9.820030964792192
      ],
      [
        2,
        97828.274536,
        18.372053510379306,
        9.820030964792192
      ],
      [
        3,
        94568.897365,
        17.36193602402778,
        9.668480263671508
      ],
      [
        4,
        93365.530075,
        17.339838782355987,
        9.673803296363658
      ],
      [
        5,
        92157.283576,
        17.30648208178526,
        9.634961674127451
      ],
      [
        6,
        91385.246875,
        17.31478972771051,
        9.733604776484405
      ],
      [
        7,
        88373.190359,
        17.389537341670657,
        9.851806745188984
      ],
      [
        8,
        87345.163162,
        17.40865373925492,
        9.843945999441706
      ],
      [
        9,
        86877.097031,
        17.384411278026956,
        9.844282226621603
      ],
      [
        10,
        87031.533852,
        17.357881375894525,
        9.96018496647345
      ],
      [
        20,
        80418.697078,
        17.46649969470043,
        10.14324275316124
      ],
      [
        30,
        77017.701264,
        17.52391925449378,
        10.372012187915203
      ],
      [
        40,
        75301.186505,
        17.6516164542874,
        10.338325306921703
      ],
      [
        50,
        73937.917137,
        17.724022380423744,
        10.539768518396986
      ],
      [
        60,
        73473.151544,
        17.847487634757453,
        10.436080103836264
      ],
      [
        70,
        72631.595225,
        17.86439141870363,
        10.503551967033342
      ],
      [
        80,
        72177.937024,
        17.920221040577246,
        10.56414955517343
      ],
      [
        90,
        71357.547926,
        18.055320771732188,
        10.559708519612032
      ],
      [
        100,
        71336.957663,
        18.048047429668536,
        10.661624155194371
      ]
    ]
  }
}