{
  "means": {
    "mix": [
      [
        1,
        102668.778374,
        17.91756974493702,
        9.837038777480567
      ],
      [
        2,
        97828.274536,
        17.91756974493702,
        9.837038777480567
      ],
      [
        3,
        94568.897365,
        17.184964354317085,
        9.727713126768572
      ],
      [
        4,
        93365.530075,
        17.232533402634772,
        9.787101380802877
      ],
      [
        5,
        92157.283576,
        17.127099543087624,
        9.8078166045599
      ],
      [
        6,
        91385.246875,
        17.155288589833184,
        9.87724926234647
      ],
      [
        7,
        88373.190359,
        17.268135424378023,
        9.999607420198641
      ],
      [
        8,
        87345.163162,
        17.230592406145703,
        9.970633708750793
      ],
      [
        9,
        86877.097031,
        17.231998310810603,
        9.97333672806514
      ],
      [
        10,
        87031.533852,
        17.392913266228327,
        10.018075416971843
      ]
    ],
    "diff": []
  },
  "std": {
    "mix": {
      "1": {
        "abx_across": 0.19205489409557175,
        "abx_within": 0.11955996478015724
      },
      "2": {
        "abx_across": 0.406768021523284,
        "abx_within": 0.09782160287110603
      },
      "total": {
        "abx_across": 0.3730383280290445,
        "abx_within": 0.147050402944011
      }
    },
    "diff": {}
  },
  "conf_interval": {
    "mix": {
      "1": {
        "val_loss": [
          NaN,
          NaN
        ],
        "abx_across": [
          15.9620839308564,
          19.87305555901764
        ],
        "abx_within": [
          9.763860065787112,
          9.910217489174022
        ]
      },
      "2": {
        "val_loss": [
          NaN,
          NaN
        ],
        "abx_across": [
          15.9620839308564,
          19.87305555901764
        ],
        "abx_within": [
          9.763860065787112,
          9.910217489174022
        ]
      },
      "3": {
        "val_loss": [
          NaN,
          NaN
        ],
        "abx_across": [
          16.423516716519405,
          17.946411992114765
        ],
        "abx_within": [
          9.47285468666353,
          9.982571566873615
        ]
      },
      "4": {
        "val_loss": [
          NaN,
          NaN
        ],
        "abx_across": [
          16.770835617643115,
          17.69423118762643
        ],
        "abx_within": [
          9.299619068496758,
          10.274583693108996
        ]
      },
      "5": {
        "val_loss": [
          NaN,
          NaN
        ],
        "abx_across": [
          16.35527877326184,
          17.898920312913408
        ],
        "abx_within": [
          9.064081866256107,
          10.551551342863693
        ]
      },
      "6": {
        "val_loss": [
          NaN,
          NaN
        ],
        "abx_across": [
          16.469010583521346,
          17.84156659614502
        ],
        "abx_within": [
          9.259196923115354,
          10.495301601577587
        ]
      },
      "7": {
        "val_loss": [
          NaN,
          NaN
        ],
        "abx_across": [
          16.745785133522403,
          17.790485715233643
        ],
        "abx_within": [
          9.36367244238561,
          10.635542398011673
        ]
      },
      "8": {
        "val_loss": [
          NaN,
          NaN
        ],
        "abx_across": [
          16.4644563251517,
          17.996728487139706
        ],
        "abx_within": [
          9.425540490445846,
          10.51572692705574
        ]
      },
      "9": {
        "val_loss": [
          NaN,
          NaN
        ],
        "abx_across": [
          16.576218241343284,
          17.887778380277922
        ],
        "abx_within": [
          9.418060025121767,
          10.528613431008514
        ]
      },
      "10": {
        "val_loss": [
          NaN,
          NaN
        ],
        "abx_across": [
          17.242183207649635,
          17.543643324807018
        ],
        "abx_within": [
          9.768992912099137,
          10.26715792184455
        ]
      }
    },
    "diff": {}
  },
  "correlation": {
    "mix": {
      "abx_across": {
        "pearson": [
          0.7211750616745368,
          0.018582113799416204
        ],
        "spearman": [
          0.2553203283456271,
          0.47649345335133597
        ],
        "pearson_t": 2.9444715604581484,
        "spearman_t": 0.2553203283456271
      },
      "abx_within": {
        "pearson": [
          -0.6952763083603267,
          0.025603867275155012
        ],
        "spearman": [
          -0.7538028741632801,
          0.011794786289983676
        ],
        "pearson_t": -2.7360817391902685,
        "spearman_t": -0.7538028741632801
      }
    },
    "diff": {}
  },
  "correlation_series": {
    "mix": {
      "1": {
        "abx_across": {
          "pearson": [
            0.4487536755079642,
            0.19329509351237753
          ],
          "spearman": [
            0.2553203283456271,
            0.47649345335133597
          ]
        },
        "abx_within": {
          "pearson": [
            -0.8443737568382558,
            0.0021174356083785355
          ],
          "spearman": [
            -0.8753839828992931,
            0.000905325828257936
          ]
        }
      },
      "2": {
        "abx_across": {
          "pearson": [
            0.79549554104303,
            0.005929688982126763
          ],
          "spearman": [
            0.2553203283456271,
            0.47649345335133597
          ]
        },
        "abx_within": {
          "pearson": [
            -0.32329004576337805,
            0.3621969692177809
          ],
          "spearman": [
            -0.6079055436800646,
            0.06225488170893071
          ]
        }
      },
      "conf_interval": {
        "abx_across": {
          "pearson": [
            0.07038092384577566,
            1.1738682927052184
          ],
          "spearman": [
            NaN,
            NaN
          ]
        },
        "abx_within": {
          "pearson": [
            -1.4129923668278455,
            0.24532856422621163
          ],
          "spearman": [
            -1.1672626486078963,
            -0.31602687797146123
          ]
        }
      }
    },
    "diff": {}
  },
  "best_models": {
    "mix": [
      [
        9,
        86877.097031,
        17.07958534359425,
        10.102391229508678
      ],
      [
        9,
        86877.097031,
        17.384411278026956,
        9.844282226621603
      ]
    ],
    "diff": []
  },
  "t_test": {
    "abx_across": [
      NaN,
      NaN
    ],
    "abx_within": [
      NaN,
      NaN
    ],
    "p_critical": 0.050000000000000044
  },
  "z_obs": {
    "abx_across": {
      "pearson": 0,
      "spearman": 0
    },
    "abx_within": {
      "pearson": 0,
      "spearman": 0
    },
    "critical_value": 1.959963984540054,
    "critical_t_value": 1.8595480375228424
  }
}