{
  "mix": {
    "1": [
      [
        1,
        152106.660608,
        13.057938803412661,
        9.202447836220784
      ],
      [
        2,
        129865.72834,
        12.448028630017017,
        8.844454596608543
      ],
      [
        3,
        105539.513878,
        12.384198201091012,
        9.213511309297395
      ],
      [
        4,
        86207.319545,
        12.246590784039668,
        9.178710677123625
      ],
      [
        5,
        81499.759271,
        11.97979189671502,
        9.209718300842884
      ],
      [
        6,
        79224.628033,
        11.866480207542306,
        9.177202077765113
      ],
      [
        7,
        78275.557151,
        11.794886059526954,
        9.208296463846711
      ],
      [
        8,
        77544.228683,
        11.743880165897236,
        9.200127756963283
      ],
      [
        9,
        77330.540392,
        11.62626750728445,
        9.14237305851654
      ],
      [
        10,
        76794.546555,
        11.656397341845482,
        9.141784499179206
      ]
    ],
    "2": [
      [
        1,
        152106.660608,
        13.679120415847123,
        9.347362308703676
      ],
      [
        2,
        129865.72834,
        12.62540153062288,
        9.27151788089855
      ],
      [
        3,
        105539.513878,
        12.175216431840708,
        9.371670337645742
      ],
      [
        4,
        86207.319545,
        12.16179525162715,
        9.36361540105015
      ],
      [
        5,
        81499.759271,
        11.958780419762704,
        9.385530403836706
      ],
      [
        6,
        79224.628033,
        11.932475045205326,
        9.458447657182612
      ],
      [
        7,
        78275.557151,
        11.764860993158443,
        9.349078933371457
      ],
      [
        8,
        77544.228683,
        11.807625004697176,
        9.400174844287534
      ],
      [
        9,
        77330.540392,
        11.793121815172025,
        9.396466875188692
      ],
      [
        10,
        76794.546555,
        11.707844720643845,
        9.357849707324927
      ]
    ]
  }
}