{
  "mix": {
    "1": [
      [
        1,
        102668.778374,
        17.46308597949473,
        9.854046590168942
      ],
      [
        2,
        97828.274536,
        17.46308597949473,
        9.854046590168942
      ],
      [
        3,
        94568.897365,
        17.00799268460639,
        9.786945989865636
      ],
      [
        4,
        93365.530075,
        17.125228022913554,
        9.900399465242094
      ],
      [
        5,
        92157.283576,
        16.947717004389993,
        9.980671534992346
      ],
      [
        6,
        91385.246875,
        16.995787451955856,
        10.020893748208536
      ],
      [
        7,
        88373.190359,
        17.146733507085386,
        10.147408095208299
      ],
      [
        8,
        87345.163162,
        17.05253107303649,
        10.09732141805988
      ],
      [
        9,
        86877.097031,
        17.07958534359425,
        10.102391229508678
      ],
      [
        10,
        87031.533852,
        17.42794515656213,
        10.075965867470238
      ]
    ],
    "2": [
      [
        1,
        102668.778374,
        18.372053510379306,
        9.820030964792192
      ],
      [
        2,
        97828.274536,
        18.372053510379306,
        9.820030964792192
      ],
      [
        3,
        94568.897365,
        17.36193602402778,
        9.668480263671508
      ],
      [
        4,
        93365.530075,
        17.339838782355987,
        9.673803296363658
      ],
      [
        5,
        92157.283576,
        17.30648208178526,
        9.634961674127451
      ],
      [
        6,
        91385.246875,
        17.31478972771051,
        9.733604776484405
      ],
      [
        7,
        88373.190359,
        17.389537341670657,
        9.851806745188984
      ],
      [
        8,
        87345.163162,
        17.40865373925492,
        9.843945999441706
      ],
      [
        9,
        86877.097031,
        17.384411278026956,
        9.844282226621603
      ],
      [
        10,
        87031.533852,
        17.357881375894525,
        9.96018496647345
      ]
    ]
  }
}