{
  "means": {
    "mix": [
      [
        1,
        152106.660608,
        13.368529609629892,
        9.27490507246223
      ],
      [
        2,
        129865.72834,
        12.536715080319949,
        9.057986238753546
      ],
      [
        3,
        105539.513878,
        12.27970731646586,
        9.292590823471569
      ],
      [
        4,
        86207.319545,
        12.20419301783341,
        9.271163039086888
      ],
      [
        5,
        81499.759271,
        11.969286158238862,
        9.297624352339795
      ],
      [
        6,
        79224.628033,
        11.899477626373816,
        9.317824867473863
      ],
      [
        7,
        78275.557151,
        11.779873526342698,
        9.278687698609083
      ],
      [
        8,
        77544.228683,
        11.775752585297205,
        9.300151300625409
      ],
      [
        9,
        77330.540392,
        11.709694661228237,
        9.269419966852617
      ],
      [
        10,
        76794.546555,
        11.682121031244662,
        9.249817103252067
      ]
    ],
    "diff": []
  },
  "std": {
    "mix": {
      "1": {
        "abx_across": 0.42980317313991584,
        "abx_within": 0.10548707333525854
      },
      "2": {
        "abx_across": 0.568872585488455,
        "abx_within": 0.04529345530818355
      },
      "total": {
        "abx_across": 0.5057474954407983,
        "abx_within": 0.13603010854302255
      }
    },
    "diff": {}
  },
  "conf_interval": {
    "mix": {
      "1": {
        "val_loss": [
          NaN,
          NaN
        ],
        "abx_across": [
          12.032165229373978,
          14.704893989885806
        ],
        "abx_within": [
          8.963146747146148,
          9.586663397778313
        ]
      },
      "2": {
        "val_loss": [
          NaN,
          NaN
        ],
        "abx_across": [
          12.155128082817898,
          12.918302077822
        ],
        "abx_within": [
          8.139233735755909,
          9.976738741751184
        ]
      },
      "3": {
        "val_loss": [
          NaN,
          NaN
        ],
        "abx_across": [
          11.830119326482606,
          12.729295306449114
        ],
        "abx_within": [
          8.952339135930004,
          9.632842511013134
        ]
      },
      "4": {
        "val_loss": [
          NaN,
          NaN
        ],
        "abx_across": [
          12.02177015332391,
          12.386615882342909
        ],
        "abx_within": [
          8.87337263149891,
          9.668953446674866
        ]
      },
      "5": {
        "val_loss": [
          NaN,
          NaN
        ],
        "abx_across": [
          11.924083613904688,
          12.014488702573036
        ],
        "abx_within": [
          8.91939513989089,
          9.675853564788701
        ]
      },
      "6": {
        "val_loss": [
          NaN,
          NaN
        ],
        "abx_across": [
          11.757501192158394,
          12.041454060589238
        ],
        "abx_within": [
          8.712773837445773,
          9.922875897501953
        ]
      },
      "7": {
        "val_loss": [
          NaN,
          NaN
        ],
        "abx_across": [
          11.715279809454577,
          11.844467243230818
        ],
        "abx_within": [
          8.975818660196934,
          9.581556737021232
        ]
      },
      "8": {
        "val_loss": [
          NaN,
          NaN
        ],
        "abx_across": [
          11.638616632957048,
          11.912888537637363
        ],
        "abx_within": [
          8.869784727432165,
          9.730517873818652
        ]
      },
      "9": {
        "val_loss": [
          NaN,
          NaN
        ],
        "abx_across": [
          11.35073658956327,
          12.068652732893204
        ],
        "abx_within": [
          8.722781239873614,
          9.81605869383162
        ]
      },
      "10": {
        "val_loss": [
          NaN,
          NaN
        ],
        "abx_across": [
          11.571440928827885,
          11.79280113366144
        ],
        "abx_within": [
          8.784990324418548,
          9.714643882085586
        ]
      }
    },
    "diff": {}
  },
  "correlation": {
    "mix": {
      "abx_across": {
        "pearson": [
          0.9616933482240924,
          8.994350814451376e-06
        ],
        "spearman": [
          0.9999999999999999,
          6.646897422032013e-64
        ],
        "pearson_t": 9.92267915842511,
        "spearman_t": 0.9999999999999999
      },
      "abx_within": {
        "pearson": [
          -0.47418825850680424,
          0.16616957992497913
        ],
        "spearman": [
          -0.0303030303030303,
          0.9337729580941466
        ],
        "pearson_t": -1.5233657104106706,
        "spearman_t": -0.0303030303030303
      }
    },
    "diff": {}
  },
  "correlation_series": {
    "mix": {
      "1": {
        "abx_across": {
          "pearson": [
            0.9393575892921582,
            5.4969764479793354e-05
          ],
          "spearman": [
            0.9878787878787878,
            9.307459988955517e-08
          ]
        },
        "abx_within": {
          "pearson": [
            -0.3782411590575214,
            0.281155910482599
          ],
          "spearman": [
            0.28484848484848485,
            0.42503815489214547
          ]
        }
      },
      "2": {
        "abx_across": {
          "pearson": [
            0.9572104773401302,
            1.3926800544699289e-05
          ],
          "spearman": [
            0.9636363636363635,
            7.320974809529922e-06
          ]
        },
        "abx_within": {
          "pearson": [
            -0.5865943385743841,
            0.07466782855150224
          ],
          "spearman": [
            -0.4787878787878787,
            0.1615229280174558
          ]
        }
      },
      "conf_interval": {
        "abx_across": {
          "pearson": [
            0.9198761045126831,
            0.9766919621196053
          ],
          "spearman": [
            0.9371824690268572,
            1.0143326824882941
          ]
        },
        "abx_within": {
          "pearson": [
            -0.813954151989787,
            -0.15088134564211858
          ],
          "spearman": [
            -1.3120855589873244,
            1.1181461650479305
          ]
        }
      }
    },
    "diff": {}
  },
  "best_models": {
    "mix": [
      [
        10,
        76794.546555,
        11.656397341845482,
        9.141784499179206
      ],
      [
        10,
        76794.546555,
        11.707844720643845,
        9.357849707324927
      ]
    ],
    "diff": []
  },
  "t_test": {
    "abx_across": [
      NaN,
      NaN
    ],
    "abx_within": [
      NaN,
      NaN
    ],
    "p_critical": 0.050000000000000044
  },
  "z_obs": {
    "abx_across": {
      "pearson": 0,
      "spearman": 0
    },
    "abx_within": {
      "pearson": 0,
      "spearman": 0
    },
    "critical_value": 1.959963984540054,
    "critical_t_value": 1.8595480375228424
  }
}