{
  "means": {
    "mix": [
      [
        10,
        53113.192406333335,
        17.561281543217184,
        10.056094429806688
      ],
      [
        20,
        52185.68864466667,
        17.546895724582892,
        10.174600318040904
      ],
      [
        30,
        51726.727535666665,
        17.5643641536956,
        10.20343131401492
      ],
      [
        40,
        51333.69229333333,
        17.495037465328835,
        9.99744906066645
      ],
      [
        50,
        51182.267675333336,
        17.488203203084353,
        10.032150951195264
      ],
      [
        60,
        50988.10103533333,
        17.521310502642503,
        10.14662298185525
      ],
      [
        70,
        50875.102928333334,
        17.39819886949067,
        10.219225725711945
      ],
      [
        80,
        50759.316656,
        17.637174996294,
        10.211924061533837
      ],
      [
        90,
        50662.817695666665,
        17.471998839705293,
        10.077487080343454
      ],
      [
        100,
        50673.45018666666,
        17.564519103392495,
        10.175700909246617
      ]
    ],
    "diff": []
  },
  "std": {
    "mix": {
      "1": {
        "abx_across": 0.08301289223551835,
        "abx_within": 0.2081368525738156
      },
      "2": {
        "abx_across": 0.14889811618385101,
        "abx_within": 0.14451818099478803
      },
      "3": {
        "abx_across": 0.1448857693328402,
        "abx_within": 0.16073094598598534
      },
      "total": {
        "abx_across": 0.14534696445084377,
        "abx_within": 0.17399602426124577
      }
    },
    "diff": {}
  },
  "conf_interval": {
    "mix": {
      "10": {
        "val_loss": [
          52804.62480963896,
          53421.76000302771
        ],
        "abx_across": [
          17.226869033858524,
          17.895694052575845
        ],
        "abx_within": [
          9.562298639838463,
          10.549890219774912
        ]
      },
      "20": {
        "val_loss": [
          52011.17793790222,
          52360.19935143112
        ],
        "abx_across": [
          17.319127857731893,
          17.774663591433892
        ],
        "abx_within": [
          9.75932911209598,
          10.589871523985828
        ]
      },
      "30": {
        "val_loss": [
          51543.36203059394,
          51910.09304073939
        ],
        "abx_across": [
          17.409847015933558,
          17.71888129145764
        ],
        "abx_within": [
          9.930522763563818,
          10.476339864466023
        ]
      },
      "40": {
        "val_loss": [
          51047.66163201714,
          51619.72295464953
        ],
        "abx_across": [
          17.390276862137576,
          17.599798068520094
        ],
        "abx_within": [
          9.804441145512575,
          10.190456975820323
        ]
      },
      "50": {
        "val_loss": [
          51015.812118299225,
          51348.72323236745
        ],
        "abx_across": [
          17.35566562382534,
          17.620740782343365
        ],
        "abx_within": [
          9.741801734340681,
          10.322500168049848
        ]
      },
      "60": {
        "val_loss": [
          50797.58766395184,
          51178.61440671483
        ],
        "abx_across": [
          17.232434926049212,
          17.810186079235795
        ],
        "abx_within": [
          9.8326022539389,
          10.4606437097716
        ]
      },
      "70": {
        "val_loss": [
          50540.401059965065,
          51209.8047967016
        ],
        "abx_across": [
          17.13872472463955,
          17.65767301434179
        ],
        "abx_within": [
          9.770595426375131,
          10.66785602504876
        ]
      },
      "80": {
        "val_loss": [
          50626.67563327696,
          50891.95767872305
        ],
        "abx_across": [
          17.092600687569036,
          18.181749305018965
        ],
        "abx_within": [
          9.842660687503553,
          10.581187435564122
        ]
      },
      "90": {
        "val_loss": [
          50459.234157060615,
          50866.401234272715
        ],
        "abx_across": [
          17.229669773323437,
          17.71432790608715
        ],
        "abx_within": [
          9.802174759826395,
          10.352799400860514
        ]
      },
      "100": {
        "val_loss": [
          50320.052192178984,
          51026.84818115434
        ],
        "abx_across": [
          17.174739401891493,
          17.954298804893497
        ],
        "abx_within": [
          9.850082329729522,
          10.501319488763711
        ]
      }
    },
    "diff": {}
  },
  "correlation": {
    "mix": {
      "abx_across": {
        "pearson": [
          0.2334792255778472,
          0.5162068967521193
        ],
        "spearman": [
          0.12727272727272726,
          0.7260570147627894
        ],
        "pearson_t": 0.679149449598911,
        "spearman_t": 0.12727272727272726
      },
      "abx_within": {
        "pearson": [
          -0.23894911648225098,
          0.5061347964684177
        ],
        "spearman": [
          -0.309090909090909,
          0.3848412302612835
        ],
        "pearson_t": -0.6960121807305881,
        "spearman_t": -0.309090909090909
      }
    },
    "diff": {}
  },
  "correlation_series": {
    "mix": {
      "1": {
        "abx_across": {
          "pearson": [
            -0.20170665089516876,
            0.5762845476144557
          ],
          "spearman": [
            -0.11515151515151514,
            0.7514196523258483
          ]
        },
        "abx_within": {
          "pearson": [
            -0.7034129220188741,
            0.023229855356015416
          ],
          "spearman": [
            -0.7696969696969697,
            0.009221952722215994
          ]
        }
      },
      "2": {
        "abx_across": {
          "pearson": [
            0.9197107227471109,
            0.00016486880111900927
          ],
          "spearman": [
            0.8666666666666665,
            0.0011735381801554687
          ]
        },
        "abx_within": {
          "pearson": [
            0.8362569138300615,
            0.002568263867662406
          ],
          "spearman": [
            0.5878787878787878,
            0.07387770688865801
          ]
        }
      },
      "3": {
        "abx_across": {
          "pearson": [
            -0.5117194441177788,
            0.13055077649049443
          ],
          "spearman": [
            -0.6606060606060605,
            0.03758837757140939
          ]
        },
        "abx_within": {
          "pearson": [
            -0.22826638771255392,
            0.5258819618383951
          ],
          "spearman": [
            -0.05454545454545454,
            0.8810361811618526
          ]
        }
      },
      "conf_interval": {
        "abx_across": {
          "pearson": [
            -1.3149170015225002,
            1.452440086678609
          ],
          "spearman": [
            -1.3917535120925584,
            1.452359572698619
          ]
        },
        "abx_within": {
          "pearson": [
            -1.4804241196389052,
            1.4168091890379944
          ],
          "spearman": [
            -1.3265797924363754,
            1.1690040348606177
          ]
        }
      }
    },
    "diff": {}
  },
  "best_models": {
    "mix": [
      [
        100,
        50465.640643,
        17.603729151123215,
        10.375866831397385
      ],
      [
        100,
        50709.494436,
        17.33551130857829,
        10.11244933134111
      ],
      [
        90,
        50588.214794,
        17.508088645845277,
        9.9557267215025
      ]
    ],
    "diff": []
  },
  "t_test": {
    "abx_across": [
      NaN,
      NaN
    ],
    "abx_within": [
      NaN,
      NaN
    ],
    "p_critical": 0.050000000000000044
  },
  "z_obs": {
    "abx_across": {
      "pearson": 0,
      "spearman": 0
    },