{
  "mix": {
    "1": [
      [
        10,
        53146.225747,
        17.49578922799787,
        9.791500031353351
      ],
      [
        20,
        52098.824824,
        17.686934108310005,
        10.193085808099267
      ],
      [
        30,
        51681.864896,
        17.467799984164657,
        10.06168371710131
      ],
      [
        40,
        51154.044742,
        17.547557167901605,
        9.879558668187627
      ],
      [
        50,
        51283.910828,
        17.56032146062605,
        9.920212765624104
      ],
      [
        60,
        50984.329173,
        17.672638325845536,
        10.343807252656323
      ],
      [
        70,
        50675.25625,
        17.444521687062565,
        10.387704851458224
      ],
      [
        80,
        50704.800855,
        17.676141419711623,
        10.272889857461765
      ],
      [
        90,
        50610.104796,
        17.582085004159108,
        10.24482180698959
      ],
      [
        100,
        50465.640643,
        17.603729151123215,
        10.375866831397385
      ]
    ],
    "2": [
      [
        10,
        53262.159528,
        17.766969005956447,
        10.328813852985652
      ],
      [
        20,
        52287.101326,
        17.50254281304333,
        10.39080181652351
      ],
      [
        30,
        51841.082383,
        17.603775723663716,
        10.190686158982299
      ],
      [
        40,
        51418.128936,
        17.434395981311056,
        10.081108762498857
      ],
      [
        50,
        51110.028473,
        17.416053948610845,
        9.963325657604328
      ],
      [
        60,
        51093.622666,
        17.35879419293128,
        10.054937882651272
      ],
      [
        70,
        51031.850178,
        17.239636207741437,
        9.939208393233212
      ],
      [
        80,
        50841.186143,
        17.323233855231702,
        9.987528387315582
      ],
      [
        90,
        50790.133497,
        17.325822869111494,
        10.031912712538272
      ],
      [
        100,
        50709.494436,
        17.33551130857829,
        10.11244933134111
      ]
    ],
    "3": [
      [
        10,
        52931.191944,
        17.421086395697237,
        10.047969405081059
      ],
      [
        20,
        52171.139784,
        17.451210252395345,
        9.939913329499939
      ],
      [
        30,
        51657.235328,
        17.621516753258426,
        10.357924065961155
      ],
      [
        40,
        51428.903202,
        17.503159246773848,
        10.031679751312861
      ],
      [
        50,
        51152.863725,
        17.488234200016162,
        10.212914430357367
      ],
      [
        60,
        50886.351267,
        17.532498989150692,
        10.041123810258156
      ],
      [
        70,
        50918.202357,
        17.51043871366801,
        10.330763932444398
      ],
      [
        80,
        50731.96297,
        17.912149713938675,
        10.375353939824162
      ],
      [
        90,
        50588.214794,
        17.508088645845277,
        9.9557267215025
      ],
      [
        100,
        50845.215481,
        17.75431685047597,
        10.038786565001356
      ]
    ]
  }
}