{
  "means": {
    "mix": [
      [
        1,
        148078.7841465,
        13.368529609629892,
        9.27490507246223
      ],
      [
        2,
        132014.4506065,
        12.536715080319949,
        9.057986238753546
      ],
      [
        3,
        111889.22691299999,
        12.27970731646586,
        9.292590823471569
      ],
      [
        4,
        97141.847557,
        12.20419301783341,
        9.271163039086888
      ],
      [
        5,
        92794.1176265,
        11.969286158238862,
        9.297624352339795
      ],
      [
        6,
        91025.364936,
        11.899477626373816,
        9.317824867473863
      ],
      [
        7,
        90385.662203,
        11.779873526342698,
        9.278687698609083
      ],
      [
        8,
        89000.0451925,
        11.775752585297205,
        9.300151300625409
      ],
      [
        9,
        88270.0166115,
        11.709694661228237,
        9.269419966852617
      ],
      [
        10,
        87980.549789,
        11.682121031244662,
        9.249817103252067
      ],
      [
        20,
        83753.992279,
        11.512823787048447,
        9.271198397407893
      ],
      [
        30,
        82564.108722,
        11.383633035678415,
        9.242262296109939
      ],
      [
        40,
        81189.544581,
        11.396587027454082,
        9.15912200973731
      ],
      [
        50,
        79885.113605,
        11.402236806809746,
        9.27063493865487
      ],
      [
        60,
        78703.196515,
        11.354868259340023,
        9.278462168828138
      ],
      [
        70,
        78285.08755150001,
        11.339408868028528,
        9.330354355125813
      ],
      [
        80,
        77424.838308,
        11.313500819770152,
        9.302201999800813
      ],
      [
        90,
        78278.3160375,
        11.3447879938456,
        9.371393763166562
      ],
      [
        100,
        76963.7031075,
        11.283371256993435,
        9.330034008778194
      ]
    ],
    "diff": []
  },
  "std": {
    "mix": {
      "1": {
        "abx_across": 0.513203009251452,
        "abx_within": 0.10320161483368614
      },
      "2": {
        "abx_across": 0.5392484655163668,
        "abx_within": 0.05041391908995365
      },
      "total": {
        "abx_across": 0.5307179137283712,
        "abx_within": 0.13407163691557253
      }
    },
    "diff": {}
  },
  "conf_interval": {
    "mix": {
      "1": {
        "val_loss": [
          130748.23049368168,
          165409.3377993183
        ],
        "abx_across": [
          12.032165229373978,
          14.704893989885806
        ],
        "abx_within": [
          8.963146747146148,
          9.586663397778313
        ]
      },
      "2": {
        "val_loss": [
          122769.24488072263,
          141259.65633227737
        ],
        "abx_across": [
          12.155128082817898,
          12.918302077822
        ],
        "abx_within": [
          8.139233735755909,
          9.976738741751184
        ]
      },
      "3": {
        "val_loss": [
          84568.61678880404,
          139209.83703719595
        ],
        "abx_across": [
          11.830119326482606,
          12.729295306449114
        ],
        "abx_within": [
          8.952339135930004,
          9.632842511013134
        ]
      },
      "4": {
        "val_loss": [
          50094.370755876924,
          144189.32435812306
        ],
        "abx_across": [
          12.02177015332391,
          12.386615882342909
        ],
        "abx_within": [
          8.87337263149891,
          9.668953446674866
        ]
      },
      "5": {
        "val_loss": [
          44198.415815611705,
          141389.81943738827
        ],
        "abx_across": [
          11.924083613904688,
          12.014488702573036
        ],
        "abx_within": [
          8.91939513989089,
          9.675853564788701
        ]
      },
      "6": {
        "val_loss": [
          40250.89208534234,
          141799.83778665765
        ],
        "abx_across": [
          11.757501192158394,
          12.041454060589238
        ],
        "abx_within": [
          8.712773837445773,
          9.922875897501953
        ]
      },
      "7": {
        "val_loss": [
          38280.085641499885,
          142491.23876450013
        ],
        "abx_across": [
          11.715279809454577,
          11.844467243230818
        ],
        "abx_within": [
          8.975818660196934,
          9.581556737021232
        ]
      },
      "8": {
        "val_loss": [
          39709.64501453717,
          138290.4453704628
        ],
        "abx_across": [
          11.638616632957048,
          11.912888537637363
        ],
        "abx_within": [
          8.869784727432165,
          9.730517873818652
        ]
      },
      "9": {
        "val_loss": [
          41201.24939186886,
          135338.78383113115
        ],
        "abx_across": [
          11.35073658956327,
          12.068652732893204
        ],
        "abx_within": [
          8.722781239873614,
          9.81605869383162
        ]
      },
      "10": {
        "val_loss": [
          39851.062437433546,
          136110.03714056645
        ],
        "abx_across": [
          11.571440928827885,
          11.79280113366144
        ],
        "abx_within": [
          8.784990324418548,
          9.714643882085586
        ]
      },
      "20": {
        "val_loss": [
          39539.23000101626,
          127968.75455698374
        ],
        "abx_across": [
          11.257924784425965,
          11.767722789670929
        ],
        "abx_within": [
          8.709917351136768,
          9.832479443679018
        ]
      },
      "30": {
        "val_loss": [
          40153.45821671468,
          124974.75922728534
        ],
        "abx_across": [
          10.958549945308993,
          11.808716126047836
        ],
        "abx_within": [
          8.36747501157987,
          10.117049580640007
        ]
      },
      "40": {
        "val_loss": [
          42702.25427644327,
          119676.83488555672
        ],
        "abx_across": [
          11.049621404870686,
          11.743552650037477
        ],
        "abx_within": [
          8.541870304416637,
          9.776373715057982
        ]
      },
      "50": {
        "val_loss": [
          48015.3913862172,
          111754.8358237828
        ],
        "abx_across": [
          11.07827727614072,
          11.726196337478772
        ],
        "abx_within": [
          8.930446216352111,
          9.61082366095763
        ]
      },
      "60": {
        "val_loss": [
          47918.80876206603,
          109487.58426793397
        ],
        "abx_across": [
          10.951262673838878,
          11.758473844841168
        ],
        "abx_within": [
          9.075425012327226,
          9.48149932532905
        ]
      },
      "70": {
        "val_loss": [
          50534.289113711,
          106035.88598928902
        ],
        "abx_across": [
          10.747202126133692,
          11.931615609923364
        ],
        "abx_within": [
          8.654305107715588,
          10.006403602536038
        ]
      },
      "80": {
        "val_loss": [
          52732.50378458179,
          102117.17283141823
        ],
        "abx_across": [
          10.834116688856211,
          11.792884950684092
        ],
        "abx_within": [
          8.914700336740601,
          9.689703662861024
        ]
      },
      "90": {
        "val_loss": [
          51760.62828706339,
          104796.00378793661
        ],
        "abx_across": [
          10.832014455829238,
          11.857561531861961
        ],
        "abx_within": [
          9.238342283422964,
          9.50444524291016
        ]
      },
      "100": {
        "val_loss": [
          54628.33776438952,
          99299.06845061047
        ],